type,diff,,,,,,,,
ngear,43.7,,,,,,,,
encRes,64,,,,,,,,
Li,0.2,,,,,,,,
Di,0.084,0.084,,,,,,,
Thi,,,,,,,,,
N,9,,,,,,,,
L,,,,,,,,,
imarkers,4,3,,,,,,,
gt_ti,2.52,3.05,2.84,2.7,2.73,2.85,2.5,2.51,2.67
gt_tf,22.18,22.83,22.57,6.75,6.73,6.89,6.59,6.52,6.74
odo_ti,0,0,0,0,0,0,0,0,0
odo_tf,19.3500000000001,19.2999999999997,19.3000000000002,4,4,4,4.15000000000009,3.94999999999982,4
