type,diff,,,,,
ngear,43.7,,,,,
encRes,64,,,,,
Li,0.2,,,,,
Di,0.084,0.084,,,,
Thi,,,,,,
N,6,,,,,
L,1.7,,,,,
imarkers,4,3,,,,
gt_ti,2.66,3.14,2.34,2.95,3.92,2.5
gt_tf,73.72,74.09,73.41,73.99,74.92,73.62
odo_ti,0,0,0,0,0,0
odo_tf,69.45,69.35,69.45,69.35,69.3999999999999,69.5500000000002
