type,diff,
ngear,43.7,
encRes,64,
Li,0.2,
Di,0.084,0.084
Thi,,
N,2,
L,,
imarkers,4,3
gt_ti,2.2,3.84
gt_tf,79.88,81.27
odo_ti,0,0
odo_tf,75.8499999999995,75.8000000000002
