type,diff,,,,,,,,
ngear,43.7,,,,,,,,
encRes,64,,,,,,,,
Li,0.2,,,,,,,,
Di,0.084,0.084,,,,,,,
Thi,,,,,,,,,
N,9,,,,,,,,
L,,,,,,,,,
imarkers,4,3,,,,,,,
gt_ti,3.32,3.25,2.94,2.57,2.69,3.77,2.7,2.62,2.4
gt_tf,23.13,22.98,22.73,6.68,6.76,7.77,6.89,6.59,6.46
odo_ti,0,0,0,0,0,0,0,0,0
odo_tf,19.4500000000003,19.3499999999999,19.4000000000001,4.04999999999973,3.94999999999982,4,4.20000000000027,3.90000000000009,4
