type,diff,
ngear,43.7,
encRes,64,
Li,0.2,
Di,0.084,0.084
Thi,,
N,2,
L,1.7,
imarkers,4,3
gt_ti,3.16,2.77
gt_tf,74.45,73.81
odo_ti,0,0
odo_tf,69.6500000000001,69.4000000000001
