type,diff,,
ngear,43.7,,
encRes,64,,
Li,0.2,,
Di,0.084,0.084,
Thi,,,
N,3,,
L,,,
imarkers,4,3,
gt_ti,2.51,3.64,2.74
gt_tf,22.3,7.89,6.9
odo_ti,0,0,0
odo_tf,19.4500000000003,4.20000000000027,4.19999999999982
